name,source,host_type,T,is_high_quality,logMstar_gal,logM_nsc,log_fraction
obs_0000,NGVS,early,-1.0,False,7.5,5.0,-2.5
obs_0001,NGVS,early,-1.0,False,7.0,5.2,-1.7999999999999998
obs_0002,NGVS,early,-1.0,False,7.9,5.6,-2.3000000000000007
obs_0003,NGVS,early,-1.0,False,8.5,6.5,-2.0
obs_0004,NGVS,early,-1.0,False,7.4,6.1,-1.3000000000000007
obs_0005,NGVS,early,-1.0,False,6.7,5.2,-1.5
obs_0006,NGVS,early,-1.0,False,7.2,6.2,-1.0
obs_0007,NGVS,early,-1.0,False,8.2,6.2,-1.9999999999999991
obs_0008,NGVS,early,-1.0,False,7.1,6.3,-0.7999999999999998
obs_0009,NGVS,early,-1.0,False,8.9,6.7,-2.2
obs_0010,NGVS,early,-1.0,False,6.3,5.2,-1.0999999999999996
obs_0011,NGVS,early,-1.0,False,9.1,6.2,-2.8999999999999995
obs_0012,NGVS,early,-1.0,False,8.6,6.6,-2.0
obs_0013,NGVS,early,-1.0,False,8.0,6.0,-2.0
obs_0014,NGVS,early,-1.0,False,7.4,5.5,-1.9000000000000004
obs_0015,NGVS,early,-1.0,False,9.9,7.3,-2.6000000000000005
obs_0016,NGVS,early,-1.0,False,5.9,5.2,-0.7000000000000002
obs_0017,NGVS,early,-1.0,False,7.5,5.8,-1.7000000000000002
obs_0018,NGVS,early,-1.0,False,6.9,5.3,-1.6000000000000005
obs_0019,NGVS,early,-1.0,False,7.8,5.6,-2.2
obs_0020,NGVS,early,-1.0,False,6.7,5.1,-1.6000000000000005
obs_0021,NGVS,early,-1.0,False,7.6,5.9,-1.6999999999999993
obs_0022,NGVS,early,-1.0,False,9.3,6.8,-2.500000000000001
obs_0023,NGVS,early,-1.0,False,8.5,6.2,-2.3
obs_0024,NGVS,early,-1.0,False,9.9,9.0,-0.9000000000000004
obs_0025,NGVS,early,-1.0,False,7.5,5.8,-1.7000000000000002
obs_0026,NGVS,early,-1.0,False,6.0,5.8,-0.20000000000000018
obs_0027,NGVS,early,-1.0,False,8.1,6.1,-2.0
obs_0028,NGVS,early,-1.0,False,7.0,5.9,-1.0999999999999996
obs_0029,NGVS,early,-1.0,False,9.1,6.7,-2.3999999999999995
obs_0030,NGVS,early,-1.0,False,6.9,5.7,-1.2000000000000002
obs_0031,NGVS,early,-1.0,False,6.7,4.8,-1.9000000000000004
obs_0032,NGVS,early,-1.0,False,9.4,6.7,-2.7
obs_0033,NGVS,early,-1.0,False,8.1,6.6,-1.5
obs_0034,NGVS,early,-1.0,False,7.1,5.2,-1.8999999999999995
obs_0035,NGVS,early,-1.0,False,8.3,6.1,-2.200000000000001
obs_0036,NGVS,early,-1.0,False,6.9,5.8,-1.1000000000000005
obs_0037,NGVS,early,-1.0,False,8.6,6.2,-2.3999999999999995
obs_0038,NGVS,early,-1.0,False,8.8,6.5,-2.3000000000000007
obs_0039,NGVS,early,-1.0,False,8.0,6.1,-1.9000000000000004
obs_0040,NGVS,early,-1.0,False,6.5,5.4,-1.0999999999999996
obs_0041,NGVS,early,-1.0,False,6.5,4.8,-1.7000000000000002
obs_0042,NGVS,early,-1.0,False,8.5,7.5,-1.0
obs_0043,NGVS,early,-1.0,False,6.3,5.3,-1.0
obs_0044,NGVS,early,-1.0,False,6.8,5.4,-1.3999999999999995
obs_0045,NGVS,early,-1.0,False,7.6,4.8,-2.8
obs_0046,NGVS,early,-1.0,False,10.2,9.4,-0.7999999999999989
obs_0047,NGVS,early,-1.0,False,6.8,5.9,-0.8999999999999995
obs_0048,NGVS,early,-1.0,False,6.1,5.6,-0.5
obs_0049,NGVS,early,-1.0,False,8.2,5.3,-2.8999999999999995
obs_0050,NGVS,early,-1.0,False,8.6,6.4,-2.1999999999999993
obs_0051,NGVS,early,-1.0,False,7.5,6.0,-1.5
obs_0052,NGVS,early,-1.0,False,7.9,6.0,-1.9000000000000004
obs_0053,NGVS,early,-1.0,False,8.2,6.5,-1.6999999999999993
obs_0054,NGVS,early,-1.0,False,6.6,5.9,-0.6999999999999993
obs_0055,NGVS,early,-1.0,False,7.3,5.5,-1.7999999999999998
obs_0056,NGVS,early,-1.0,False,7.8,5.9,-1.8999999999999995
obs_0057,NGVS,early,-1.0,False,7.4,6.6,-0.8000000000000007
obs_0058,NGVS,early,-1.0,False,7.1,5.6,-1.5
obs_0059,NGVS,early,-1.0,False,6.6,5.1,-1.5
obs_0060,NGVS,early,-1.0,False,6.9,5.4,-1.5
obs_0061,NGVS,early,-1.0,False,6.2,5.1,-1.1000000000000005
obs_0062,NGVS,early,-1.0,False,8.0,6.1,-1.9000000000000004
obs_0063,NGVS,early,-1.0,False,6.9,5.2,-1.7000000000000002
obs_0064,NGVS,early,-1.0,False,10.1,8.3,-1.799999999999999
obs_0065,NGVS,early,-1.0,False,6.2,4.8,-1.4000000000000004
obs_0066,NGVS,early,-1.0,False,5.9,4.8,-1.1000000000000005
obs_0067,NGVS,early,-1.0,False,7.4,6.0,-1.4000000000000004
obs_0068,NGVS,early,-1.0,False,7.4,6.3,-1.1000000000000005
obs_0069,NGVS,early,-1.0,False,8.6,7.3,-1.2999999999999998
obs_0070,NGVS,early,-1.0,False,7.1,5.3,-1.7999999999999998
obs_0071,NGVS,early,-1.0,False,8.1,6.4,-1.6999999999999993
obs_0072,NGVS,early,-1.0,False,7.9,6.1,-1.8000000000000007
obs_0073,NGVS,early,-1.0,False,9.7,8.1,-1.5999999999999996
obs_0074,NGVS,early,-1.0,False,7.9,6.1,-1.8000000000000007
obs_0075,NGVS,early,-1.0,False,7.0,5.5,-1.5
obs_0076,NGVS,early,-1.0,False,5.9,5.5,-0.40000000000000036
obs_0077,NGVS,early,-1.0,False,8.9,6.5,-2.4000000000000004
obs_0078,NGVS,early,-1.0,False,8.3,6.5,-1.8000000000000007
obs_0079,NGVS,early,-1.0,False,7.5,7.2,-0.2999999999999998
obs_0080,NGVS,early,-1.0,False,5.7,5.3,-0.40000000000000036
obs_0081,NGVS,early,-1.0,False,8.9,5.9,-3.0
obs_0082,NGVS,early,-1.0,False,7.8,5.7,-2.0999999999999996
obs_0083,NGVS,early,-1.0,False,7.9,5.7,-2.2
obs_0084,NGVS,early,-1.0,False,8.8,6.6,-2.200000000000001
obs_0085,NGVS,early,-1.0,False,8.4,5.6,-2.8000000000000007
obs_0086,NGVS,early,-1.0,False,7.8,6.0,-1.7999999999999998
obs_0087,NGVS,early,-1.0,False,9.5,7.1,-2.4000000000000004
obs_0088,NGVS,early,-1.0,False,7.8,5.4,-2.3999999999999995
obs_0089,NGVS,early,-1.0,False,8.1,6.3,-1.7999999999999998
obs_0090,NGVS,early,-1.0,False,5.2,4.8,-0.40000000000000036
obs_0091,NGVS,early,-1.0,False,6.2,5.6,-0.6000000000000005
obs_0092,NGVS,early,-1.0,False,6.5,5.2,-1.2999999999999998
obs_0093,NGVS,early,-1.0,False,7.2,5.7,-1.5
obs_0094,NGVS,early,-1.0,False,6.7,5.3,-1.4000000000000004
obs_0095,NGVS,early,-1.0,False,6.4,6.0,-0.40000000000000036
obs_0096,NGVS,early,-1.0,False,8.7,5.9,-2.799999999999999
obs_0097,NGVS,early,-1.0,False,7.2,6.6,-0.6000000000000005
obs_0098,NGVS,early,-1.0,False,7.5,6.0,-1.5
obs_0099,NGVS,early,-1.0,False,6.3,6.0,-0.2999999999999998
obs_0100,NGVS,early,-1.0,False,7.4,5.9,-1.5
obs_0101,NGVS,early,-1.0,False,7.6,6.4,-1.1999999999999993
obs_0102,NGVS,early,-1.0,False,6.7,5.0,-1.7000000000000002
obs_0103,NGVS,early,-1.0,False,6.9,5.6,-1.3000000000000007
obs_0104,NGVS,early,-1.0,False,6.8,5.0,-1.7999999999999998
obs_0105,NGVS,early,-1.0,False,7.4,6.3,-1.1000000000000005
obs_0106,NGVS,early,-1.0,False,8.5,6.5,-2.0
obs_0107,NGVS,early,-1.0,False,6.1,5.8,-0.2999999999999998
obs_0108,NGVS,early,-1.0,False,7.0,4.8,-2.2
obs_0109,NGFS,early,-1.0,False,7.11535986751318,5.37,-1.74535986751318
obs_0110,NGFS,early,-1.0,False,6.38702994722128,5.184,-1.20302994722128
obs_0111,NGFS,early,-1.0,False,,,
obs_0112,NGFS,early,-1.0,False,6.662829859256745,5.49,-1.172829859256745
obs_0113,NGFS,early,-1.0,False,7.991049912035466,6.31,-1.6810499120354665
obs_0114,NGFS,early,-1.0,False,8.195889812052252,6.087,-2.1088898120522526
obs_0115,NGFS,early,-1.0,False,6.114830286502839,5.395,-0.7198302865028392
obs_0116,NGFS,early,-1.0,False,6.938519903779031,4.804,-2.1345199037790303
obs_0117,NGFS,early,-1.0,False,7.151560230135918,5.658,-1.4935602301359179
obs_0118,NGFS,early,-1.0,False,7.6413700177669535,6.01,-1.6313700177669537
obs_0119,NGFS,early,-1.0,False,7.037150191187859,5.46,-1.577150191187859
obs_0120,NGFS,early,-1.0,False,,6.562,
obs_0121,NGFS,early,-1.0,False,7.501040204286576,5.655,-1.8460402042865756
obs_0122,NGFS,early,-1.0,False,7.557150267481805,5.636,-1.9211502674818046
obs_0123,NGFS,early,-1.0,False,8.174519964814186,6.405,-1.7695199648141857
obs_0124,NGFS,early,-1.0,False,8.080420171260835,5.759,-2.3214201712608347
obs_0125,NGFS,early,-1.0,False,7.8419900328516965,5.627,-2.2149900328516967
obs_0126,NGFS,early,-1.0,False,7.41231021487713,5.34,-2.07231021487713
obs_0127,NGFS,early,-1.0,False,6.785880028009416,6.087,-0.6988800280094161
obs_0128,NGFS,early,-1.0,False,8.448770117402077,6.438,-2.0107701174020773
obs_0129,NGFS,early,-1.0,False,7.987779703080655,6.202,-1.7857797030806548
obs_0130,NGFS,early,-1.0,False,5.855029977738859,5.035,-0.8200299777388587
obs_0131,NGFS,early,-1.0,False,6.867799939870835,5.05,-1.8177999398708353
obs_0132,NGFS,early,-1.0,False,7.3795799813270575,5.918,-1.4615799813270574
obs_0133,NGFS,early,-1.0,False,6.321129922538997,5.461,-0.8601299225389969
obs_0134,NGFS,early,-1.0,False,7.534210024595262,5.857,-1.6772100245952615
obs_0135,NGFS,early,-1.0,False,7.243049957811833,5.539,-1.7040499578118329
obs_0136,NGFS,early,-1.0,False,7.264530112385751,4.867,-2.397530112385751
obs_0137,NGFS,early,-1.0,False,7.548200026929379,5.972,-1.5762000269293788
obs_0138,NGFS,early,-1.0,False,6.807049896776677,5.023,-1.7840498967766774
obs_0139,NGFS,early,-1.0,False,7.862520071625711,5.565,-2.2975200716257103
obs_0140,NGFS,early,-1.0,False,6.708400175929071,6.203,-0.5054001759290703
obs_0141,NGFS,early,-1.0,False,8.132310291171075,5.586,-2.546310291171075
obs_0142,NGFS,early,-1.0,False,7.260310169100762,5.671,-1.589310169100762
obs_0143,NGFS,early,-1.0,False,6.770830042362214,5.44,-1.330830042362214
obs_0144,NGFS,early,-1.0,False,7.055779733598233,5.997,-1.0587797335982332
obs_0145,NGFS,early,-1.0,False,7.574940059781075,5.611,-1.9639400597810752
obs_0146,NGFS,early,-1.0,False,6.4198700482845314,5.377,-1.0428700482845317
obs_0147,NGFS,early,-1.0,False,7.776619941473008,6.368,-1.4086199414730078
obs_0148,NGFS,early,-1.0,False,8.942629539728166,6.486,-2.4566295397281666
obs_0149,NGFS,early,-1.0,False,8.597259906113148,6.156,-2.4412599061131486
obs_0150,NGFS,early,-1.0,False,7.13547025114298,5.64,-1.4954702511429803
obs_0151,NGFS,early,-1.0,False,7.295779886186124,5.127,-2.1687798861861243
obs_0152,NGFS,early,-1.0,False,7.006959902524949,5.699,-1.3079599025249493
obs_0153,NGFS,early,-1.0,False,6.925900053858759,5.798,-1.1279000538587587
obs_0154,NGFS,early,-1.0,False,7.299889903604985,5.214,-2.0858899036049845
obs_0155,NGFS,early,-1.0,False,6.984529807209969,5.127,-1.8575298072099695
obs_0156,NGFS,early,-1.0,False,8.31905017143488,6.38,-1.9390501714348796
obs_0157,NGFS,early,-1.0,False,8.555580194950105,6.318,-2.2375801949501053
obs_0158,NGFS,early,-1.0,False,7.905369956731797,5.735,-2.170369956731797
obs_0159,NGFS,early,-1.0,False,8.667889934122563,6.421,-2.2468899341225628
obs_0160,NGFS,early,-1.0,False,7.355890040934087,5.127,-2.228890040934087
obs_0161,NGFS,early,-1.0,False,7.4805300971269615,5.235,-2.245530097126961
obs_0162,NGFS,early,-1.0,False,8.813370521306991,7.255,-1.5583705213069914
obs_0163,NGFS,early,-1.0,False,7.93547025114298,6.558,-1.37747025114298
obs_0164,NGFS,early,-1.0,False,7.829790219545365,5.31,-2.5197902195453654
obs_0165,NGFS,early,-1.0,False,8.090519949555397,6.49,-1.6005199495553963
obs_0166,NGFS,early,-1.0,False,7.153459963560105,6.318,-0.8354599635601057
obs_0167,NGFS,early,-1.0,False,8.403470281660557,6.78,-1.6234702816605564
obs_0168,NGFS,early,-1.0,False,6.06840002334118,4.938,-1.1304000233411804
obs_0169,NGFS,early,-1.0,False,6.800200072705747,5.127,-1.6732000727057468
obs_0170,G14,late,4.0,False,9.153640370570852,6.797994219946911,-2.35564615062394
obs_0171,G14,late,6.199999809265137,False,9.227974067436508,5.345961541813141,-3.8820125256233666
obs_0172,G14,late,3.799999952316284,False,9.931951189918328,7.541212184915093,-2.390739005003235
obs_0173,G14,late,7.599999904632568,False,9.25210227323065,5.672097857935717,-3.5800044152949324
obs_0174,G14,late,9.0,False,7.424086829357243,6.397992120883196,-1.026094708474047
obs_0175,G14,late,5.199999809265137,False,8.153359799726104,6.357991987252086,-1.7953678124740184
obs_0176,G14,late,8.899999618530273,False,8.738936447339727,6.395867831233988,-2.3430686161057386
obs_0177,G14,late,8.0,False,9.435821816623784,5.981999714129878,-3.4538221024939064
obs_0178,G14,late,4.0,False,10.353420880075694,6.988090522403967,-3.365330357671727
obs_0179,G14,late,5.199999809265137,False,9.430677716009427,7.052451531039112,-2.3782261849703152
obs_0180,G14,late,4.099999904632568,False,10.377444158238601,7.115487360913939,-3.261956797324663
obs_0181,G14,late,4.0,False,10.43326903382392,5.972110228402831,-4.46115880542109
obs_0182,G14,late,6.0,False,10.230459129699042,5.989983458301399,-4.240475671397643
obs_0183,G14,late,9.899999618530273,False,7.82049601055708,5.656098202012832,-2.1643978085442477
obs_0184,G14,late,6.900000095367432,False,9.044125440665818,6.141982515552804,-2.902142925113014
obs_0185,G14,late,6.0,False,9.146807165597917,6.385212907084455,-2.761594258513462
obs_0186,G14,late,4.900000095367432,False,9.371519383173371,5.8260099777911005,-3.545509405382271
obs_0187,G14,late,8.600000381469727,False,9.417898193800164,6.41200669524106,-3.0058914985591043
obs_0188,G14,late,7.0,False,8.71217036389513,6.289209782644986,-2.422960581250144
obs_0189,G14,late,6.0,False,9.000124914034558,5.817234730425498,-3.18289018360906
obs_0190,G14,late,8.600000381469727,False,6.494617478809452,6.305222351923695,-0.18939512688575721
obs_0191,G14,late,7.900000095367432,False,8.94159444026146,6.333205372625344,-2.608389067636115
obs_0192,G14,late,6.0,False,8.413208258650112,6.8269619310056076,-1.5862463276445045
obs_0193,G14,late,6.0,False,7.366616837940311,6.328012438855587,-1.0386043990847247
obs_0194,G14,late,5.099999904632568,False,9.207216667232323,7.712436710445994,-1.4947799567863296
obs_0195,G14,late,6.0,False,9.285163488008692,6.902040985687134,-2.383122502321558
obs_0196,G14,late,5.699999809265137,False,9.43313971022196,6.77310595612914,-2.6600337540928205
obs_0197,G14,late,5.0,False,9.220882695708466,6.27399611375928,-2.9468865819491867
obs_0198,G14,late,4.0,False,9.976080517436506,7.383341331570731,-2.592739185865775
obs_0199,G14,late,6.900000095367432,False,9.217746805312062,6.525990150459593,-2.691756654852469
obs_0200,G14,late,8.800000190734863,False,8.312147776293946,5.129367595722986,-3.18278018057096
obs_0201,G14,late,5.900000095367432,False,9.517898193800164,6.317206428899825,-3.2006917649003395
obs_0202,G14,late,4.400000095367432,False,9.906156184876156,7.48011765955549,-2.426038525320666
obs_0203,G14,late,4.0,False,9.380708185561565,5.75396586586516,-3.6267423196964046
obs_0204,G14,late,7.0,False,9.025920964506817,5.69010743945633,-3.3358135250504866
obs_0205,G14,late,5.900000095367432,False,9.864708483310988,6.659669047557445,-3.2050394357535428
obs_0206,G14,late,4.0,False,9.953140167985632,8.172592715829728,-1.7805474521559042
obs_0207,G14,late,6.699999809265137,False,9.110352557628728,6.053999860693065,-3.0563526969356625
obs_0208,G14,late,5.199999809265137,False,8.948254333105469,6.824093276888017,-2.124161056217452
obs_0209,G14,late,5.0,False,8.346829089238739,6.305222351923695,-2.0416067373150435
obs_0210,G14,late,5.400000095367432,False,9.379215362402821,6.868115205327217,-2.511100157075604
obs_0211,G14,late,4.5,False,10.132511568668367,6.621996302909695,-3.510515265758672
obs_0212,G14,late,5.900000095367432,False,9.806654579091838,7.438151386935243,-2.368503192156594
obs_0213,G14,late,4.599999904632568,False,10.857072680246352,8.04323727754939,-2.813835402696963
obs_0214,G14,late,5.900000095367432,False,9.626565152452947,5.956840490159234,-3.6697246622937136
obs_0215,G14,late,7.800000190734863,False,9.775474582014368,6.605994197501671,-3.1694803845126973
obs_0216,G14,late,6.0,False,8.496018990665817,5.67797175281074,-2.818047237855077
obs_0217,G14,late,9.0,False,7.639480115736867,6.4252080511386565,-1.2142720645982106
obs_0218,G14,late,4.0,False,9.903648535012438,6.237995892771852,-3.6656526422405866
obs_0219,G14,late,3.9000000953674316,False,8.798223199592973,6.5659894133545205,-2.232233786238453
obs_0220,G14,late,5.699999809265137,False,9.944989359331514,6.581209852354842,-3.3637795069766714
obs_0221,G14,late,6.900000095367432,False,8.19922284182396,6.853211334503317,-1.3460115073206431
obs_0222,G14,late,5.0,False,9.633444295567704,6.60959440922522,-3.023849886342484
obs_0223,G14,late,4.0,False,10.312685468463709,6.985210845224137,-3.3274746232395715
obs_0224,G14,late,5.400000095367432,False,9.801897064649774,7.328424457829405,-2.473472606820369
obs_0225,G14,late,3.700000047683716,False,9.203413238349151,7.209991940339863,-1.993421298009288
obs_0226,G14,late,5.900000095367432,False,8.307761381059553,6.213225472773401,-2.0945359082861517
obs_0227,G14,late,5.099999904632568,False,9.466980554020786,8.388114351040702,-1.078866202980084
obs_0228,G14,late,5.900000095367432,False,8.827283559878827,6.365207100231824,-2.4620764596470037
obs_0229,G14,late,5.199999809265137,False,8.119373925136282,6.944117316335153,-1.1752566088011287
obs_0230,G14,late,6.0,False,7.636691612537766,6.288047909592119,-1.3486437029456475
obs_0231,G14,late,8.899999618530273,False,2.9117114405326854,6.574147064150723,3.6624356236180375
obs_0232,G14,late,3.700000047683716,False,9.752814704429152,6.805989928572589,-2.9468247758565633
obs_0233,G14,late,6.900000095367432,False,9.842610029905893,6.8179948244508015,-3.024615205455092
obs_0234,G14,late,5.199999809265137,False,9.236276363557815,7.807754149435614,-1.428522214122201
obs_0235,G14,late,4.0,False,9.483692969960499,7.587460640514188,-1.8962323294463115
obs_0236,G14,late,6.5,False,8.458527250881101,5.584444307165176,-2.8740829437159245
obs_0237,G14,late,6.699999809265137,False,7.870851844686603,5.481155870828035,-2.3896959738585686
obs_0238,G14,late,6.599999904632568,False,8.257358845848753,6.110421346473957,-2.146937499374796
obs_0239,G14,late,4.0,False,9.648579415192222,6.791915105117576,-2.8566643100746454
obs_0240,G14,late,4.0,False,10.728814254091835,8.425279340061417,-2.3035349140304184
obs_0241,G14,late,4.0,False,9.138548434267618,7.664527276586997,-1.4740211576806201
obs_0242,G14,late,5.300000190734863,False,9.610632747003748,6.405994841191804,-3.2046379058119445
obs_0243,G14,late,5.300000190734863,False,8.338139062535955,6.041984501486787,-2.2961545610491685
obs_0244,G14,late,8.0,False,7.982200909741211,5.157154439906281,-2.8250464698349296
obs_0245,G14,late,4.900000095367432,False,10.089269029907705,6.697211900864018,-3.3920571290436863
obs_0246,G14,late,4.0,False,9.789140229020788,7.121969981607635,-2.6671702474131527
obs_0247,G14,late,7.900000095367432,False,8.967519673090363,5.701999474889637,-3.2655201982007265
obs_0248,G14,late,5.199999809265137,False,10.36291326464577,7.464790498335872,-2.898122766309897
obs_0249,G14,late,7.599999904632568,False,8.921055626367666,6.485991002770676,-2.4350646235969897
obs_0250,G14,late,8.5,False,7.713123686514569,6.25321681250213,-1.4599068740124395
obs_0251,G14,late,6.699999809265137,False,7.66951117295542,5.67641923171836,-1.9930919412370596
obs_0252,G14,late,6.900000095367432,False,7.871306773090363,5.4860051863622425,-2.3853015867281204
obs_0253,G14,late,6.300000190734863,False,6.842660898845006,6.553215301402138,-0.28944559744286824
obs_0254,G14,late,5.199999809265137,False,10.62466343801136,8.091486872672883,-2.5331765653384775
obs_0255,G14,late,6.0,False,9.651086683586216,6.925214080498513,-2.725872603087703
obs_0256,G14,late,6.400000095367432,False,8.440473117780114,6.133985746268579,-2.306487371511534
obs_0257,G14,late,6.0,False,9.784405401159002,6.851111520133047,-2.9332938810259552
obs_0258,G14,late,6.0,False,8.923692741078662,6.121986379050838,-2.801706362027824
obs_0259,G14,late,5.900000095367432,False,8.802504144481087,6.122707254318348,-2.6797968901627396
obs_0260,G14,late,7.800000190734863,False,8.42875303249693,5.984077033902831,-2.444675998594099
obs_0261,G14,late,6.199999809265137,False,9.219239148021986,6.181214548490415,-3.038024599531571
obs_0262,G14,late,6.0,False,9.374655273569775,6.25321681250213,-3.1214384610676458
obs_0263,G14,late,4.0,False,7.500736444214344,7.6419923765187745,0.14125593230443023
obs_0264,G14,late,6.5,False,8.449533401772024,6.916116910568686,-1.5334164912033383
obs_0265,G14,late,8.0,False,8.362677304022123,5.802020751771976,-2.5606565522501468
obs_0266,G14,late,3.799999952316284,False,8.669488585354234,6.357210419006122,-2.3122781663481122
obs_0267,G14,late,8.699999809265137,False,8.858958447274494,6.2459812555626195,-2.6129771917118747
obs_0268,G14,late,8.800000190734863,False,7.845055794214345,6.42422807069598,-1.4208277235183653
obs_0269,G14,late,5.900000095367432,False,4.985213975478078,4.389166084364533,-0.5960478911135452
obs_0270,G14,late,6.599999904632568,False,8.410699944826032,6.7906580607462415,-1.6200418840797903
obs_0271,G14,late,3.5,False,9.986761380043985,7.050151527340931,-2.9366098527030537
obs_0272,G14,late,5.199999809265137,False,10.562610869139291,8.813320066666865,-1.7492908024724265
obs_0273,G14,late,4.900000095367432,False,8.674980737126255,6.429994384151707,-2.244986352974548
obs_0274,G14,late,6.199999809265137,False,9.535951281471062,6.632092696264134,-2.9038585852069287
obs_0275,G14,late,6.900000095367432,False,9.751995777454283,7.225213623002162,-2.526782154452121
obs_0276,G14,late,7.0,False,9.268147532153321,6.174001626402425,-3.0941459057508967
obs_0277,G14,late,4.800000190734863,False,9.515822785759925,8.0061514392199,-1.5096713465400242
obs_0278,G14,late,4.900000095367432,False,9.483822816277504,6.4619934664150165,-3.0218293498624877
obs_0279,G14,late,5.199999809265137,False,8.682874424455356,7.2372118586379655,-1.4456625658173907
obs_0280,G14,late,5.800000190734863,False,9.107110171455957,6.233224626304768,-2.8738855451511895
obs_0281,G14,late,6.900000095367432,False,9.648254333105468,7.137993054285702,-2.5102612788197662
obs_0282,G14,late,4.199999809265137,False,10.483322995162013,7.017992737766433,-3.4653302573955793
obs_0283,G14,late,5.800000190734863,False,9.464580826833249,6.117204986092783,-3.347375840740466
obs_0284,G14,late,9.699999809265137,False,8.191671229425145,5.768933942186782,-2.4227372872383635
obs_0285,G14,late,5.199999809265137,False,9.248276920706655,7.212845208964464,-2.0354317117421905
obs_0286,G14,late,5.199999809265137,False,9.17498101961689,6.850621732687537,-2.3243592869293535
obs_0287,G14,late,7.900000095367432,False,9.508898749933435,6.032538179260007,-3.476360570673428
obs_0288,G14,late,5.0,False,10.51253369850588,7.689993066389272,-2.822540632116608
obs_0289,G14,late,6.099999904632568,False,6.158100222345545,5.138302698166282,-1.0197975241792632
obs_0290,G14,late,4.199999809265137,False,9.660534415668966,6.708794691425808,-2.951739724243158
obs_0291,G14,late,6.699999809265137,False,9.719345361307717,6.202433822489233,-3.5169115388184835
obs_0292,G14,late,6.0,False,8.919131606815531,6.250151535116612,-2.668980071698919
obs_0293,G14,late,6.900000095367432,False,7.972064478470326,5.8891896120470735,-2.0828748664232526
obs_0294,G14,late,6.900000095367432,False,8.268238461985971,6.5772159697346515,-1.69102249225132
obs_0295,G14,late,6.0,False,9.28650377827015,5.657247129883716,-3.629256648386434
obs_0296,G14,late,6.900000095367432,False,7.659525084742546,5.961231197044663,-1.6982938876978828
obs_0297,G14,late,6.900000095367432,False,10.73912646982155,6.560265397862715,-4.178861071958835
obs_0298,G14,late,5.0,False,10.177292105790139,6.809990428840933,-3.3673016769492055
obs_0299,G14,late,5.800000190734863,False,9.543928114035893,5.989983458301399,-3.553944655734494
obs_0300,G14,late,4.800000190734863,False,9.935952326901152,6.841991053386625,-3.0939612735145268
obs_0301,G14,late,3.5,False,9.354912700070573,6.709990359852276,-2.6449223402182964
obs_0302,G14,late,3.700000047683716,False,9.980534491962912,7.241992001496535,-2.7385424904663767
obs_0303,G14,late,3.5999999046325684,False,9.351367918391324,6.657992306370206,-2.693375612021118
obs_0304,G14,late,5.900000095367432,False,9.839822190667151,7.053212938645568,-2.7866092520215835
obs_0305,G14,late,6.699999809265137,False,8.891260529772758,6.061226225119115,-2.830034304653643
obs_0306,G14,late,5.900000095367432,False,8.955715015671634,6.109207196320066,-2.8465078193515687
obs_0307,G14,late,5.800000190734863,False,10.61761098276768,6.6130697613958755,-4.004541221371804
obs_0308,G14,late,9.800000190734863,False,5.837729789783383,4.6211762817750355,-1.2165535080083476
obs_0309,G14,late,8.0,False,5.229948955927754,5.12515582958053,-0.10479312634722415
obs_0310,G14,late,9.0,False,7.946222772346879,5.91323087111356,-2.032991901233318
obs_0311,G14,late,7.900000095367432,False,7.697942628748227,5.941213187585321,-1.7567294411629062
obs_0312,G14,late,3.5,False,7.8220941850830075,6.169204036523619,-1.652890148559388
obs_0313,G14,late,9.0,False,8.016450644822884,5.05307844348342,-2.963372201339464
obs_0314,G14,late,5.900000095367432,False,8.729488051296617,5.779884963192644,-2.9496030881039728
obs_0315,G14,late,6.900000095367432,False,8.20432128678713,6.737216504383373,-1.467104782403756
obs_0316,G14,late,5.800000190734863,False,9.198025773983955,6.026001817357177,-3.172023956626778
obs_0317,G14,late,5.900000095367432,False,8.511563764512635,6.373206340142947,-2.138357424369688
obs_0318,G14,late,6.300000190734863,False,9.068276714509965,7.240204671170718,-1.8280720433392466
obs_0319,G14,late,6.300000190734863,False,8.793920995024395,6.59399454104691,-2.1999264539774854
obs_0320,S17,early,-1.0,False,8.44,5.56,-2.88
obs_0321,S17,early,-1.0,False,9.1,5.56,-3.54
obs_0322,S17,early,-1.0,False,8.85,5.45,-3.3999999999999995
obs_0323,S17,early,-1.0,False,8.51,6.42,-2.09
obs_0324,S17,early,-1.0,False,8.38,6.35,-2.030000000000001
obs_0325,S17,early,-1.0,False,9.4,6.68,-2.7200000000000006
obs_0326,S17,early,-1.0,False,9.91,7.68,-2.2300000000000004
obs_0327,S17,early,-1.0,False,9.82,7.54,-2.2800000000000002
obs_0328,S17,early,-1.0,False,8.97,6.77,-2.200000000000001
obs_0329,S17,early,-1.0,False,8.76,5.99,-2.7699999999999996
obs_0330,S17,early,-1.0,False,9.08,6.83,-2.25
obs_0331,S17,early,-1.0,False,9.74,8.02,-1.7200000000000006
obs_0332,S17,early,-1.0,False,8.73,6.19,-2.54
obs_0333,S17,early,-1.0,False,8.86,7.31,-1.5499999999999998
obs_0334,S17,early,-1.0,False,8.5,7.21,-1.29
obs_0335,S17,early,-1.0,False,10.0,8.0,-2.0
obs_0336,S17,early,-1.0,False,9.15,6.66,-2.49
obs_0337,S17,early,-1.0,False,9.45,7.0,-2.4499999999999993
obs_0338,S17,early,-1.0,False,8.95,6.08,-2.869999999999999
obs_0339,S17,early,-1.0,False,8.62,6.29,-2.329999999999999
obs_0340,S17,early,-1.0,False,9.15,6.74,-2.41
obs_0341,S17,early,-1.0,False,9.1,6.63,-2.4699999999999998
obs_0342,S17,early,-1.0,False,8.63,6.48,-2.1500000000000004
obs_0343,S17,early,-1.0,False,8.38,5.41,-2.9700000000000006
obs_0344,S17,early,-1.0,False,8.5,6.05,-2.45
obs_0345,S17,early,-1.0,False,9.0,5.98,-3.0199999999999996
obs_0346,S17,early,-1.0,False,10.04,7.6,-2.4399999999999995
obs_0347,S17,early,-1.0,False,8.83,6.58,-2.25
obs_0348,S17,early,-1.0,False,9.89,7.65,-2.24
obs_0349,S17,early,-1.0,False,8.21,6.47,-1.740000000000001
obs_0350,S17,early,-1.0,False,8.51,6.59,-1.92
obs_0351,S17,early,-1.0,False,8.51,5.92,-2.59
obs_0352,S17,early,-1.0,False,9.1,6.51,-2.59
obs_0353,S17,early,-1.0,False,9.17,7.02,-2.1500000000000004
obs_0354,S17,early,-1.0,False,9.9,6.95,-2.95
obs_0355,S17,early,-1.0,False,8.21,5.58,-2.630000000000001
obs_0356,S17,early,-1.0,False,9.03,6.75,-2.2799999999999994
obs_0357,S17,early,-1.0,False,8.77,6.57,-2.1999999999999993
obs_0358,S17,early,-1.0,False,8.82,5.48,-3.34
obs_0359,E12,late,4.0,True,10.74,7.48,-3.26
obs_0360,E12,late,3.0,True,10.92,7.54,-3.38
obs_0361,E12,late,6.0,True,9.74,6.24,-3.5
obs_0362,E12,late,6.0,True,10.23,7.05,-3.1800000000000006
obs_0363,E12,late,7.0,True,9.26,5.98,-3.2799999999999994
obs_0364,E12,early,-3.0,True,9.24,7.04,-2.2
obs_0365,E12,late,9.0,True,9.81,6.51,-3.3000000000000007
obs_0366,E12,late,6.0,True,10.14,6.51,-3.630000000000001
obs_0367,E12,late,6.0,True,9.75,6.38,-3.37
obs_0368,E12,early,-3.0,True,8.38,4.91,-3.4700000000000006
obs_0369,E12,late,6.0,True,10.15,5.92,-4.23
obs_0370,E12,late,6.0,True,10.08,6.53,-3.55
obs_0371,E12,late,7.0,True,10.2,7.0,-3.1999999999999993
obs_0372,E12,late,6.0,True,10.68,6.91,-3.7699999999999996
obs_0373,E12,late,6.0,True,10.62,7.88,-2.7399999999999993
obs_0374,E12,late,6.0,True,10.29,7.78,-2.509999999999999
obs_0375,E12,late,6.0,True,9.53,6.09,-3.4399999999999995
obs_0376,E12,late,7.0,True,9.65,6.96,-2.6900000000000004
obs_0377,E12,late,4.0,True,10.34,7.08,-3.26
obs_0378,E12,late,6.0,True,10.28,6.39,-3.8899999999999997
obs_0379,E12,late,9.0,True,9.0,5.77,-3.2300000000000004
obs_0380,E12,late,3.0,True,10.1,8.15,-1.9499999999999993
obs_0381,E12,late,2.0,True,10.32,8.34,-1.9800000000000004
obs_0382,E12,late,3.0,True,9.46,6.75,-2.710000000000001
obs_0383,E12,late,4.0,True,10.92,7.99,-2.9299999999999997
obs_0384,E12,late,6.0,True,9.46,6.53,-2.9300000000000006
obs_0385,E12,late,6.0,True,9.34,6.53,-2.8099999999999996
obs_0386,E12,late,7.0,True,10.19,7.6,-2.59
obs_0387,E12,early,1.0,True,10.8,8.63,-2.17
obs_0388,E12,late,7.0,True,9.26,5.87,-3.3899999999999997
obs_0389,E12,late,3.0,True,10.43,8.11,-2.3200000000000003
obs_0390,E12,late,4.0,True,10.24,6.87,-3.37
obs_0391,E12,late,3.0,True,9.9,7.98,-1.92
obs_0392,N18,early,-4.8,True,9.03,7.21,-1.8199999999999994
obs_0393,N18,early,-4.8,True,9.03,6.3,-2.7299999999999995
obs_0394,N18,early,-2.8,True,9.83,7.86,-1.9699999999999998
obs_0395,N18,early,-2.9,True,9.4,7.19,-2.21
obs_0396,L05,early,-5.0,False,,,
obs_0397,L05,early,-5.0,False,10.6601618396,6.3632843800000005,-4.2968774596
obs_0398,L05,early,-5.0,False,,,
obs_0399,L05,early,-5.0,False,10.679558329400002,7.4039988600000015,-3.275559469400001
obs_0400,L05,early,-5.0,False,10.707002418800002,7.02364162,-3.6833607988000017
obs_0401,L05,early,-5.0,False,10.944491563600003,7.353820240000001,-3.5906713236000023
obs_0402,L05,early,-5.0,False,10.3822871224,7.2039988600000004,-3.178288262399999
obs_0403,L05,early,-5.0,False,10.5802458396,7.2439988600000005,-3.3362469795999994
obs_0404,L05,early,-5.0,False,11.3811909086,5.7938202400000005,-5.5873706686
